Codon,alpha,beta,beta-alpha,Prob[alpha<beta],Prob[alpha>beta],BayesFactor,PSRF,Neff
1,0.391672,0.656962,0.265289,0.999678,7.16453e-06,6542.5,1.00839,189.324
2,2.70773,1.22685,-1.48088,2.54726e-11,0.932565,5.37426e-11,1.08927,30.1894
3,1.06985,1.15278,0.0829293,0.464921,0.128526,1.83319,1.07562,34.6463
4,2.81481,2.81481,5.32907e-15,5.3543e-15,5.97478e-69,1.12966e-14,1.01242,146.445
5,0.071966,0.0714286,-0.000537398,1.74251e-08,0.00751618,3.67638e-08,1.10961,25.519
6,1.2152,0.0800282,-1.13517,6.03145e-55,1,1.27253e-54,0.997473,1004.59
7,1.216,2.81481,1.59881,1,1.3266e-69,1.74345e+14,1.00575,234.801
8,0.189714,0.308422,0.118708,0.899468,0.0107614,18.8768,1.00875,184.458
9,0.287345,0.364244,0.0768988,0.747844,0.0369979,6.2573,1.02937,76.1228
10,0.276832,0.0714286,-0.205403,7.29977e-22,1,1.54012e-21,1.21958,14.9525
11,0.223561,0.0714365,-0.152124,3.32623e-07,0.998537,7.01773e-07,1.25653,13.4058
12,0.462002,0.0714316,-0.39057,9.37363e-21,1,1.97766e-20,1.12478,22.991
13,0.167057,0.276866,0.109809,0.870843,0.00583743,14.2255,1.07464,35.0276
14,0.121376,0.360093,0.238717,1,1.16505e-10,8.30899e+06,1.00389,283.022
15,0.213758,0.0714286,-0.142329,2.62244e-16,0.999997,5.53287e-16,1.29838,12.1142
16,0.0766083,0.0714286,-0.00517972,1.29959e-09,0.0722411,2.7419e-09,1.11393,24.7334
17,0.073633,0.0714286,-0.00220441,1.81809e-10,0.0299017,3.83584e-10,1.14614,20.2945
18,0.235594,0.0714288,-0.164165,1.37915e-11,0.999998,2.90976e-11,1.249,13.6842
19,1.0946,0.0714286,-1.02317,0.027429,0.825297,0.0595023,1.14157,20.8055
20,0.0714296,0.0714286,-1.07244e-06,5.39442e-10,1.50144e-05,1.13812e-09,1.11943,23.8121
21,0.0973239,0.0714286,-0.0258953,3.5997e-09,0.357416,7.59472e-09,1.13522,21.5708
22,0.810472,0.142478,-0.667994,2.6473e-37,1,5.58532e-37,1.03293,69.3393
23,0.866383,0.309627,-0.556756,1.21694e-16,1,2.56752e-16,1.01076,161.466
24,1.22551,2.81481,1.58931,0.999979,8.0825e-57,99940.6,1.00558,238.575
25,0.185902,0.45011,0.264208,0.999999,1.66847e-09,1.96227e+06,1.0053,244.962
26,0.249473,0.0714286,-0.178045,2.05091e-16,1,4.32704e-16,1.18646,16.851
27,0.0672313,0.0714286,0.00419728,0.0587655,3.59801e-06,0.131725,1.14096,20.8764
28,0.0714303,0.258525,0.187095,1,5.40521e-14,3.09011e+08,1.00261,330.035
29,1.22685,0.0714286,-1.15542,2.90325e-90,1,6.12532e-90,1.0133,139.593
30,0.0756699,0.0974993,0.0218293,0.341981,0.0362856,1.0965,1.05291,46.7295
31,0.826065,0.0714286,-0.754637,4.61273e-57,1,9.73201e-57,1.09748,28.0817
32,0.475471,1.22684,0.751372,1,1.6438e-21,3167258881681642,1.00462,262.028
33,1.22663,0.0849172,-1.14171,3.71838e-44,1,7.84511e-44,1.02337,91.4053
34,0.773763,0.190303,-0.58346,8.8328e-19,1,1.86356e-18,1.04464,53.8816
35,0.0971956,0.150566,0.0533705,0.682844,0.00469232,4.54248,1.02945,75.9498
36,0.282962,0.0714286,-0.211533,6.44286e-18,1,1.35933e-17,1.1447,20.4521
37,0.0728315,0.0714286,-0.00140295,0.00941401,0.0276157,0.0200506,1.1455,20.3643
38,0.0714308,0.0714354,4.68463e-06,9.61997e-05,3.06144e-05,0.000202983,1.10915,25.6074
39,2.81481,0.0714286,-2.74339,9.56113e-121,1,2.01723e-120,1.01041,165.043
40,0.0795704,0.0714286,-0.0081418,1.24749e-08,0.113026,2.63198e-08,1.11698,24.2122
41,2.81481,0.0714286,-2.74339,1.2122e-180,1,2.55752e-180,nan,nan
42,2.81481,0.568927,-2.24589,1.13222e-35,1,2.38877e-35,1.0108,161.021
43,2.81481,0.0714286,-2.74339,1.64835e-151,1,3.47771e-151,1.07394,35.3019
44,2.81481,0.156545,-2.65827,3.82562e-135,1,8.07136e-135,1.12196,23.4152
45,0.149249,0.071444,-0.0778052,1.4774e-07,0.998894,3.11706e-07,1.08092,32.749
46,2.81481,0.853993,-1.96082,9.47272e-121,1,1.99857e-120,1.03396,67.5982
47,0.25858,0.0714286,-0.187152,1.82785e-19,1,3.85643e-19,1.17499,17.6729
48,0.155874,0.0714917,-0.0843824,0.000134558,0.885059,0.000283931,1.20341,15.8034
49,0.223863,0.251884,0.0280203,0.428676,0.118892,1.58304,1.0154,125.614
50,0.18729,0.0714287,-0.115861,3.40505e-10,0.999888,7.18404e-10,1.28337,12.5339
51,0.596277,0.0714286,-0.524848,1.70245e-35,1,3.59187e-35,1.02171,96.8349
52,2.81481,0.14254,-2.67227,3.42e-133,1,7.21559e-133,1.0214,97.9466
53,2.81481,0.216192,-2.59862,1.4498e-63,1,3.05882e-63,1.01243,146.335
54,0.340408,2.79983,2.45943,1,1.3e-52,inf,0.994987,inf
55,0.11523,0.0714394,-0.0437907,5.44189e-05,0.60886,0.00011482,1.13911,21.0941
56,0.953261,0.14532,-0.807941,4.54611e-31,1,9.59147e-31,1.00032,469.899
57,0.0735816,0.0714286,-0.00215302,1.79508e-09,0.0300851,3.7873e-09,1.11104,25.253
58,0.673698,0.0714286,-0.60227,2.90515e-55,1,6.12934e-55,1.04388,54.6561
59,0.184659,0.0714286,-0.11323,2.45115e-11,0.999746,5.17147e-11,1.27769,12.7043
60,1.16575,0.0714302,-1.09432,0.0272852,0.826211,0.0591816,1.14132,20.8349
61,0.143739,0.0714286,-0.0723105,2.83503e-11,0.919715,5.98139e-11,1.12087,23.5847
62,2.81481,0.107381,-2.70743,5.42797e-100,1,1.1452e-99,1.02604,83.8661
63,2.81481,0.0714286,-2.74339,2.8439e-168,1,6.00011e-168,nan,nan
64,0.288391,0.0714286,-0.216962,4.70295e-21,1,9.92236e-21,1.18216,17.1473
65,0.184803,0.0714286,-0.113374,4.96037e-13,0.999749,1.04655e-12,1.27795,12.6963
66,0.628055,0.11417,-0.513885,4.7267e-22,1,9.97248e-22,1.13442,21.6722
67,0.776712,0.0714286,-0.705283,1.76877e-59,1,3.73178e-59,1.06722,38.2329
68,0.219271,0.0714286,-0.147842,2.22575e-15,0.999997,4.69593e-15,1.2938,12.2376
69,0.0826973,0.800162,0.717465,1,3.81524e-32,inf,0.994987,inf
70,0.646417,0.0714289,-0.574988,1.30093e-37,1,2.74472e-37,1.0412,57.6022
71,0.147059,0.0714286,-0.0756301,6.29732e-08,0.869196,1.32862e-07,1.17339,17.7962
72,1.22685,0.820836,-0.406016,2.56529e-14,1,5.4123e-14,1.06673,38.4663
73,0.798397,0.0714286,-0.726968,8.25049e-52,1,1.7407e-51,1.01311,140.997
74,0.226542,0.199748,-0.0267942,0.0427937,0.332179,0.0943233,1.09683,28.235
75,0.332739,0.152378,-0.180361,0.000117408,0.982215,0.000247739,1.06023,41.9152
76,0.20766,0.07143,-0.13623,1.38555e-10,0.999995,2.92326e-10,1.12576,22.849
77,0.449945,2.81481,2.36487,1,7.42398e-120,inf,0.994987,inf
78,1.19463,0.0714286,-1.1232,1.33535e-56,1,2.81735e-56,0.997719,914.424
79,0.556894,0.0714289,-0.485465,6.71809e-28,1,1.41739e-27,1.00499,252.478
80,0.0787834,0.086124,0.00734058,0.188009,0.0845651,0.488508,1.08098,32.7293
81,0.0714461,0.0725576,0.00111148,0.015802,0.000241959,0.0338747,1.1068,26.0629
82,1.22685,0.233319,-0.993533,1.02468e-57,1,2.16189e-57,1.0268,81.9615
83,2.81481,0.0714286,-2.74339,3.20442e-198,1,6.76075e-198,nan,nan
84,0.796667,0.432833,-0.363834,1.7939e-06,0.999912,3.7848e-06,1.01652,119.273
85,0.93715,0.071429,-0.865721,0.0288071,0.817078,0.0625804,1.14273,20.6724
86,2.81471,0.0714286,-2.74328,7.97852e-122,1,1.68332e-121,1.02445,88.1985
87,0.264925,0.0714286,-0.193496,1.20709e-14,0.99999,2.54674e-14,1.18607,16.8773
88,0.22363,0.0714412,-0.152188,9.6047e-09,0.999945,2.02642e-08,1.27975,12.6419
89,0.371167,0.0714286,-0.299738,1.02341e-23,1,2.15921e-23,1.04653,52.0401
90,1.03671,0.14884,-0.887868,2.68957e-35,1,5.67449e-35,1.02348,91.072
91,0.142354,0.324001,0.181647,0.99993,1.34465e-07,30248.7,1.03285,69.4717
92,7.125,0.0714286,-7.05357,0,1,0,nan,nan
93,0.479677,0.0714286,-0.408249,6.59869e-24,1,1.3922e-23,1.22661,14.6195
94,0.071433,0.327476,0.256042,1,6.36884e-19,2.582e+13,1.03475,66.3319
95,0.521764,0.0714286,-0.450336,1.54203e-37,1,3.25341e-37,1.08679,30.9006
96,0.413184,2.81481,2.40163,1,1.3439e-98,inf,0.994987,inf
97,0.51108,0.0714286,-0.439651,1.25855e-30,1,2.65531e-30,1.01385,135.63
98,0.461108,0.0714286,-0.38968,6.08208e-29,1,1.28321e-28,1.12604,22.8074
99,0.923284,0.071429,-0.851855,0.0291354,0.815218,0.0633151,1.14293,20.6498
100,1.22714,0.0714286,-1.15571,2.35465e-87,1,4.96788e-87,1.1041,26.6122
101,0.488273,2.81481,2.32654,1,1.43507e-183,inf,0.994987,inf
102,1.22678,0.220167,-1.00661,5.28878e-41,1,1.11584e-40,1.04113,57.6811
103,1.74628,0.071429,-1.67486,0.0250069,0.840002,0.0541132,1.13848,21.1693
104,1.20674,0.0714465,-1.13529,1.14103e-46,1,2.40736e-46,1.0048,257.169
105,1.14598,0.155628,-0.990355,8.27097e-30,1,1.74502e-29,1.16934,18.1172
106,0.468252,0.770102,0.30185,0.99895,6.41348e-05,2008.18,1.016,122.166
107,1.22599,1.22685,0.00086488,0.00380911,6.89101e-18,0.00806726,1.06993,36.9886
108,2.81481,7.125,4.31019,1,2.43477e-68,inf,nan,nan
109,2.81481,2.81481,0,1.1672e-15,1.81924e-26,2.46258e-15,1.01242,146.445
110,7.125,7.125,1.15463e-14,3.38783e-15,1.12694e-78,7.14771e-15,0.998742,666.198
111,1.12622,0.0714286,-1.05479,7.82577e-58,1,1.6511e-57,1.10353,26.7319
112,1.0537,0.0714538,-0.982245,0.028233,0.82077,0.0612971,1.14235,20.716
113,2.81481,2.81481,-7.72271e-13,2.69953e-27,1.78462e-13,5.69552e-27,1.01242,146.445
114,2.80526,0.143583,-2.66167,1.34534e-67,1,2.83842e-67,1.0214,97.9432
115,3.77495,0.200927,-3.57402,6.75728e-11,1,1.42566e-10,1.07015,36.8922
116,1.0248,2.69812e-12,-1.0248,1.32638e-97,1,2.79841e-97,1.03154,71.8287
117,1.20169,0.0714288,-1.13026,0.0267609,0.829318,0.0580131,1.1409,20.8825
118,2.99952,0.354324,-2.6452,7.86863e-06,0.999981,1.66015e-05,1.05505,45.198
119,1.22685,2.81481,1.58797,1,1.61647e-33,inf,1.08796,30.56
120,6.38061,0.0714289,-6.30918,3.17684e-07,0.990234,6.70256e-07,1.11485,24.5741
121,2.81481,0.530493,-2.28432,4.66522e-60,1,9.84277e-60,1.00489,255.037
122,0.797908,1.22685,0.428944,0.999967,9.85796e-21,63979.9,1.02071,100.48
123,0.736281,0.0714289,-0.664852,2.34643e-39,1,4.95053e-39,1.01993,103.479
124,0.572964,0.0815229,-0.491441,1.0378e-18,1,2.18956e-18,1.01954,105.096
125,2.81481,1.38772,-1.4271,6.98869e-43,0.898697,1.47449e-42,1.00164,377.644
126,1.22571,0.176398,-1.04932,1.12209e-41,1,2.3674e-41,1.05531,45.0221
127,1.22881,0.149622,-1.07919,5.02757e-50,1,1.06073e-49,1.03591,64.5588
128,0.182302,0.0714286,-0.110874,7.16357e-12,0.999535,1.51138e-11,1.27191,12.8854
129,2.81481,7.125,4.31019,1,2.09295e-84,inf,nan,nan
130,0.89717,7.125,6.22783,1,5.22728e-241,inf,0.994987,inf
131,0.387976,0.0714286,-0.316547,3.5956e-20,1,7.58607e-20,1.20701,15.6025
132,2.81481,0.0714417,-2.74337,8.6236e-130,1,1.81942e-129,1.01825,110.675
133,2.81481,2.81481,6.84851e-10,4.31278e-10,5.04519e-100,9.09918e-10,1.01242,146.445
134,1.22662,0.0714616,-1.15516,2.55515e-52,1,5.39089e-52,1.03271,69.7183
135,0.281671,1.22685,0.945181,1,2.2667e-35,inf,0.994987,inf
136,1.21919,0.496823,-0.722362,2.40268e-15,1,5.06922e-15,1.00128,398.989
137,0.490232,2.81481,2.32458,1,4.89556e-114,inf,0.994987,inf
138,0.828789,0.403665,-0.425124,4.49036e-11,1,9.47384e-11,1.02657,82.5377
139,7.125,0.0714477,-7.05355,0,1,0,nan,nan
140,0.533007,0.936085,0.403079,0.999145,1.44316e-05,2466.21,1.02104,99.2312
141,7.125,0.0714286,-7.05357,0,1,0,nan,nan
142,2.81481,0.0714286,-2.74339,8.8514e-149,1,1.86748e-148,1.01968,104.485
143,0.394231,0.207129,-0.187101,1.09733e-06,0.999394,2.31516e-06,1.02005,103.005
144,1.22682,0.493287,-0.733536,2.92028e-23,1,6.16126e-23,1.00348,296.51
145,0.195873,0.0714286,-0.124444,1.33074e-13,0.978026,2.80763e-13,1.26108,13.2457
146,0.558318,0.0714286,-0.486889,2.35552e-34,1,4.96971e-34,1.06031,41.8698
147,1.21933,1.22628,0.00694869,0.0329603,0.00249109,0.0719104,1.08195,32.4069
148,1.21714,0.868625,-0.34852,0.000103423,0.995906,0.000218226,1.01449,131.329
149,0.896467,0.0714303,-0.825036,2.01874e-44,1,4.25917e-44,1.03943,59.7533
150,1.2272,0.0720968,-1.15511,6.72316e-70,1,1.41847e-69,1.01669,118.375
151,0.539864,1.22677,0.686904,1,3.27695e-15,1.29212e+10,1.00597,230.23
152,2.81481,0.194452,-2.62036,2.08784e-188,1,4.40496e-188,nan,nan
153,2.81481,0.142995,-2.67182,1.07834e-83,1,2.27509e-83,1.04305,55.5365
154,2.81481,0.888608,-1.92621,5.28254e-81,1,1.11452e-80,1.04185,56.8584
155,1.40483,0.0714287,-1.3334,0.0259359,0.834332,0.056177,1.13989,21.0016
156,0.186711,0.846101,0.65939,1,5.96991e-14,3.73321e+11,1.01452,131.137
157,1.22682,0.992418,-0.234404,2.10556e-07,0.999571,4.44236e-07,1.00298,314.92
158,1.22685,0.0714385,-1.15541,2.92295e-62,1,6.1669e-62,1.01617,121.194
159,0.90935,0.0714293,-0.837921,0.0293174,0.814143,0.0637225,1.14307,20.6343
160,0.475267,0.978495,0.503228,0.99995,5.41985e-07,41946.7,1.0233,91.6301
161,0.775611,0.0714293,-0.704181,0.0312198,0.803093,0.0679907,1.14439,20.4863
162,1.22679,0.0714826,-1.15531,3.50409e-57,1,7.39299e-57,0.996115,2210.61
163,2.81481,2.81481,0,2.74967e-18,4.751e-44,5.80131e-18,1.01242,146.445
164,0.332715,0.0714286,-0.261286,3.91783e-14,0.999999,8.26591e-14,1.18136,17.2037
165,0.287071,1.22679,0.939721,1,1.71313e-32,inf,0.994987,inf
166,15.5185,2.81481,-12.7037,2.40086e-200,1,5.06537e-200,nan,nan
167,7.69788,0.0714292,-7.62645,0.00146035,0.982895,0.00308558,1.10514,26.3985
168,0.325297,0.0716702,-0.253627,2.70256e-14,1,5.70191e-14,1.0373,62.5659
169,1.55425,0.146457,-1.40779,0.0673486,0.896167,0.152354,1.13514,21.5808
170,1.22686,0.0714286,-1.15543,4.94483e-73,1,1.04327e-72,1.05242,47.0971
171,0.552595,0.0714286,-0.481166,6.08326e-25,1,1.28346e-24,1.18823,16.733
172,0.709554,0.92272,0.213166,0.958798,0.00145568,49.0965,1.01229,147.497
173,0.647464,0.381215,-0.266249,0.00243324,0.981477,0.00514621,1.00793,195.956
174,1.21933,0.0714286,-1.1479,7.04285e-60,1,1.48591e-59,1.0027,326.08
175,0.265385,0.0714286,-0.193957,7.06702e-15,0.999806,1.49101e-14,1.19972,16.0163
176,0.305588,0.281133,-0.0244552,0.624037,0.311292,3.50196,1.13598,21.4746
177,0.155545,0.243251,0.0877057,0.725423,0.0371554,5.57406,1.06017,41.9488
178,0.126918,0.363801,0.236883,1,2.43437e-10,4.72006e+06,1.00196,360.425
179,0.440586,0.222528,-0.218058,5.03414e-07,0.99986,1.06211e-06,1.10406,26.6202
180,1.22683,0.0714286,-1.1554,9.39609e-88,1,1.9824e-87,1.02207,95.6307
181,2.81481,0.154558,-2.66026,4.1213e-114,1,8.69518e-114,1.1219,23.4251
182,0.0526906,1.22685,1.17416,1,3.67663e-57,inf,0.994987,inf
183,2.69012,0.0714286,-2.6187,1.09587e-107,1,2.31209e-107,1.02705,81.3587
184,0.24702,0.0891651,-0.157855,0.000147452,0.982421,0.000311142,1.10542,26.3399
185,0.346048,0.142532,-0.203516,1.68896e-09,0.99995,3.56339e-09,1.00659,218.15
186,0.0796462,0.0714289,-0.0082173,4.47077e-06,0.103299,9.43256e-06,1.11741,24.1414
187,0.80311,1.20619,0.403079,0.996897,1.39361e-05,677.892,1.01312,140.919
188,0.251051,0.264315,0.0132639,0.414181,0.24975,1.49167,1.01032,166.044
189,0.339195,1.22685,0.887657,1,2.72494e-39,inf,0.994987,inf
190,2.81481,0.468764,-2.34605,1.86001e-55,1,3.92429e-55,1.02933,76.1995
191,0.729529,0.865959,0.13643,0.850029,0.0215038,11.9584,1.00826,191.179
192,0.721147,0.248991,-0.472156,5.48961e-13,1,1.15821e-12,1.01139,155.369
193,0.152698,0.591903,0.439205,0.999997,1.34768e-07,810468,1.01609,121.611
194,2.81481,0.541025,-2.27379,6.62744e-112,1,1.39827e-111,1.06945,37.2029
195,0.551831,0.340008,-0.211823,0.00282794,0.972991,0.00598336,1.11082,25.2938
196,0.383609,0.181446,-0.202163,4.33348e-08,0.999912,9.14286e-08,1.04174,56.9834
197,0.249094,0.210789,-0.0383051,0.0289347,0.43024,0.062866,1.07076,36.6247
198,1.05591e-06,0.0714286,0.0714275,0.999985,1.50023e-11,142720,1.03421,67.1972
199,0.000162557,0.615067,0.614905,1,9.94995e-34,inf,0.994987,inf
200,0.64974,0.0714286,-0.578311,2.41737e-43,1,5.10021e-43,1.06131,41.298
201,7.12492,0.0714286,-7.05349,4.51296e-193,1,9.52153e-193,nan,nan
202,0.0714299,0.0714286,-1.33333e-06,5.02554e-07,1.91687e-05,1.0603e-06,1.10916,25.6048
203,1.22132,0.0714286,-1.14989,3.1516e-93,1,6.6493e-93,1.05705,43.8669
204,2.81481,0.57848,-2.23634,1.27453e-138,1,2.68904e-138,1.063,40.3674
205,2.81481,0.0721307,-2.74268,3.2804e-170,1,6.92105e-170,nan,nan
206,7.125,1.03234,-6.09266,9.85533e-130,1,2.0793e-129,1.04111,57.708
207,0.0714238,0.0714286,4.76375e-06,0.00012971,6.30116e-05,0.0002737,1.14205,20.7509
208,0.0714303,0.186449,0.115019,0.999993,3.8839e-11,307431,1.03549,65.1902
209,0.293411,1.22685,0.933441,1,5.12765e-45,inf,0.994987,inf
210,0.0705809,2.81481,2.74423,1,4.24427e-102,inf,0.994987,inf
211,0.161705,0.0714293,-0.0902754,9.96509e-08,0.991552,2.10245e-07,1.19043,16.5892
212,2.81481,2.81481,-2.15351e-07,3.23606e-74,1.35615e-07,6.82751e-74,1.01242,146.445
213,0.602342,2.81481,2.21247,1,9.74856e-34,7.23394e+12,1.02568,84.8167
214,0.365847,0.215046,-0.150801,1.86042e-05,0.996525,3.92523e-05,1.01116,157.559
215,0.0718148,0.261151,0.189337,0.999999,4.02884e-11,3.69709e+06,1.00095,420.828
216,0.768003,0.225509,-0.542494,3.59497e-22,1,7.58473e-22,1.01827,110.625
217,0.203449,0.21505,0.011601,0.297782,0.145051,0.894686,1.10902,25.6312
218,0.0714596,0.0720645,0.00060494,0.00890041,0.000431288,0.0189469,1.10785,25.8563
219,0.730865,0.0714286,-0.659437,6.12619e-53,1,1.29251e-52,1.0913,29.6335
220,3.51337e-05,0.793566,0.793531,1,1.41384e-37,inf,0.994987,inf
221,0.0714559,0.336241,0.264785,1,4.10565e-17,1.11145e+12,1.04623,52.3209
222,1.22687,1.00556,-0.221303,1.39903e-10,0.969493,2.9517e-10,1.05235,47.1456
223,1.11134e-05,0.467153,0.467142,1,1.39681e-24,inf,0.994987,inf
224,0.00294749,0.428863,0.425916,1,2.58259e-19,3.80071e+15,1.03362,68.1659
225,0.00143777,0.475653,0.474215,1,1.94913e-21,inf,1.00875,184.48
226,0.0715291,0.116879,0.0453501,0.634879,0.000383666,3.66858,1.01702,116.666
227,0.0766606,0.0714286,-0.00523203,2.09698e-08,0.0729674,4.42425e-08,1.11398,24.7243
228,0.755692,0.730617,-0.0250744,0.249654,0.446285,0.701977,1.00682,214.023
229,1.12983,1.22667,0.0968352,0.393689,0.000691277,1.36994,1.10048,27.3931
230,0.0188649,0.44308,0.424215,1,3.31731e-13,4.89588e+10,1.01668,118.456
231,0.10897,0.592422,0.483451,1,7.85347e-19,1.3574e+15,1.00297,315.224
232,0.777467,1.00142,0.223953,0.940312,0.00297595,33.2379,1.00692,212.206
233,0.261943,1.22684,0.964897,1,1.84455e-35,inf,0.994987,inf
234,1.22685,0.072347,-1.1545,5.33693e-87,1,1.126e-86,0.999908,509.266
235,15.5185,2.81481,-12.7037,4.88606e-140,1,1.03087e-139,1.01337,139.107
236,2.81481,2.81481,-1.36335e-13,2.55441e-71,3.10444e-14,5.38935e-71,1.04633,52.2296
237,0.456177,0.697048,0.240871,0.992047,0.000495533,263.181,1.01397,134.769
238,0.959243,0.634563,-0.32468,1.45277e-05,0.999539,3.06513e-05,1.00989,170.623
239,7.125,2.81481,-4.31019,7.45909e-79,1,1.57373e-78,0.996805,1372.55
240,1.22276,0.100755,-1.122,9.61459e-56,1,2.0285e-55,1.03721,62.6836
241,0.183441,0.744768,0.561327,1,9.70104e-11,5.34062e+08,0.997372,1046.99
242,1.22685,0.527259,-0.699592,1.00449e-21,1,2.1193e-21,1.00037,465.478
243,1.22683,1.22685,1.51199e-05,7.81872e-05,1.15377e-05,0.000164974,1.06778,37.9682
244,2.81481,1.2268,-1.58801,4.74459e-106,1,1.00102e-105,1.08578,31.2026
245,0.296164,1.22685,0.930688,1,6.37704e-35,inf,0.994987,inf
246,0.807622,0.0714407,-0.736181,0.0302597,0.808639,0.0658347,1.14395,20.5354
247,0.438897,1.20384,0.764943,1,8.90511e-16,2.61606e+11,0.999692,532.539
248,15.5185,0.0714286,-15.4471,0,1,0,nan,nan
249,2.81481,0.0714533,-2.74336,1.4901e-113,1,3.14384e-113,1.05123,48.0104
250,1.22685,0.312266,-0.914588,9.3379e-55,1,1.97013e-54,1.00761,200.751
251,0.162557,0.381337,0.21878,0.998577,8.80693e-05,1480.49,1.00694,211.844
252,0.0750862,5.1702e-06,-0.0750811,2.64727e-11,0.99993,5.58526e-11,1.01829,110.518
253,0.827245,1.22485,0.397609,0.985511,0.000117494,143.507,1.04784,50.8484
254,1.21286,0.277265,-0.935591,8.28711e-32,1,1.74843e-31,1.00591,231.446
255,0.0762291,0.110911,0.0346815,0.513155,0.0265319,2.22384,1.02832,78.4015
256,0.973568,0.682348,-0.29122,0.00101287,0.989017,0.00213913,1.01651,119.348
257,0.00342226,0.0714286,0.0680063,0.952255,0.000164745,42.0793,1.04633,52.2346
258,0.478653,0.343134,-0.135519,0.0225602,0.872056,0.0486965,1.11213,25.0538
259,0.794354,0.924001,0.129648,0.788615,0.0199591,7.87109,1.00866,185.624
260,0.0679363,0.0714359,0.00349952,0.0489596,4.6374e-07,0.108613,1.1414,20.8249
261,0.146668,0.287916,0.141248,0.98997,6.81761e-05,208.246,1.06803,37.8506
262,0.00340555,0.0714286,0.068023,0.952487,0.000163084,42.2952,1.04627,52.2867
263,0.00585495,0.432681,0.426826,1,5.73536e-21,3.80071e+15,0.999911,508.943
264,0.308267,0.222291,-0.0859758,0.0142291,0.806495,0.0304541,1.03347,68.4136
265,0.221007,0.515126,0.294118,0.99998,5.35645e-08,104253,1.00025,476.728
266,0.749498,0.217344,-0.532154,1.55495e-14,1,3.28067e-14,1.09332,29.1051
267,1.15115,1.22685,0.0756994,0.325876,5.21876e-12,1.0199,1.09653,28.3069
268,0.802372,1.22685,0.42448,0.999997,1.56891e-14,647377,1.02186,96.3485
269,0.293178,0.0714286,-0.221749,3.20748e-19,1,6.76721e-19,1.13778,21.2538
270,0.433493,1.19758,0.764084,1,9.47334e-14,5.46811e+09,1.00325,304.837
271,0.136903,0.326346,0.189443,0.999973,2.82593e-08,79493.7,1.03774,61.9593
272,0.759281,0.308193,-0.451088,1.00367e-11,1,2.11755e-11,1.00823,191.581
273,0.780769,0.827798,0.0470291,0.559331,0.139542,2.67794,1.01332,139.48
274,0.0714289,0.0714326,3.67586e-06,5.58636e-05,4.40293e-06,0.000117869,1.10915,25.6064
275,0.214265,0.0714299,-0.142835,1.4471e-10,0.999993,3.05312e-10,1.30377,11.9735
276,0.193898,0.572863,0.378965,1,5.02778e-11,1.21599e+08,1.00575,234.956
277,0.144313,0.140639,-0.00367389,0.0594176,0.106353,0.13328,1.01815,111.133
278,0.251818,0.0714461,-0.180372,1.47185e-12,0.999999,3.10534e-12,1.18093,17.2342
279,0.499735,0.366361,-0.133374,0.393801,0.548747,1.37059,1.07372,35.3919
280,2.81481,0.326849,-2.48797,1.0274e-65,1,2.16763e-65,1.00512,249.194
281,1.22685,2.81481,1.58796,1,7.04963e-179,inf,0.994987,inf
282,0.382594,0.0714297,-0.311165,2.03685e-21,1,4.29738e-21,1.03946,59.7163
283,7.125,0.220898,-6.9041,7.32867e-240,1,1.54622e-239,nan,nan
284,2.8185,0.15826,-2.66024,1.91605e-133,1,4.04251e-133,1.01642,119.835
285,7.125,1.22685,-5.89815,1.58845e-26,1,3.35135e-26,1.02542,85.5158
286,1.01193,0.475659,-0.536272,0.0556568,0.91262,0.124347,1.03708,62.8762
287,2.81481,0.503149,-2.31167,1.09912e-40,1,2.31894e-40,1.03616,64.1861
288,1.16381,0.197584,-0.966224,6.62274e-39,1,1.39728e-38,1.00801,194.752
289,2.81481,0.144763,-2.67005,3.03161e-138,1,6.39614e-138,1.11981,23.7525
290,2.81481,0.542308,-2.27251,1.36846e-59,1,2.8872e-59,1.00475,258.668
291,1.14808,0.0714286,-1.07665,2.78956e-47,1,5.88547e-47,1.00526,245.969
292,0.698019,0.0714402,-0.626579,0.0324116,0.796275,0.0706733,1.14532,20.3847
293,2.81481,1.15442,-1.66039,9.22136e-57,1,1.94554e-56,1.08186,32.4344
294,0.131017,0.293136,0.162119,0.998658,3.41952e-06,1570.35,1.0632,40.2564
295,1.22684,0.0714286,-1.15541,3.49876e-92,1,7.38176e-92,0.995141,16254.7
296,0.692173,0.398058,-0.294115,2.42718e-06,0.999852,5.12092e-06,1.01716,115.933
297,0.410233,0.526176,0.115943,0.890726,0.0118417,17.1979,1.02315,92.0819
298,0.191793,0.833719,0.641926,1,9.24332e-12,6.54863e+09,1.01762,113.655
299,0.351904,0.0714286,-0.280475,6.2547e-18,1,1.31963e-17,1.18216,17.1469
300,0.758986,0.0714286,-0.687558,9.57664e-47,1,2.0205e-46,1.01382,135.82
301,1.22509,1.22685,0.00176071,0.00775069,7.4692e-09,0.0164803,1.07201,36.0921
302,2.81481,0.342007,-2.47281,4.23598e-107,1,8.93715e-107,1.00666,216.798
303,0.432122,0.0715803,-0.360542,9.27805e-16,1,1.9575e-15,1.10318,26.8048
304,7.125,1.22685,-5.89815,3.10294e-167,1,6.54665e-167,nan,nan
305,15.5185,0.321498,-15.197,0,1,0,nan,nan
306,2.81465,1.22685,-1.5878,1.31922e-16,0.999896,2.78332e-16,1.08576,31.2063
307,1.22306,1.04688,-0.176184,0.00447378,0.780954,0.00948127,1.06681,38.4272
308,3.84859,0.0717128,-3.77688,1.3126e-277,1,2.76935e-277,nan,nan
309,2.73567,0.359069,-2.3766,6.59963e-32,1,1.3924e-31,1.00865,185.829
310,0.0716329,0.677597,0.605964,1,1.95324e-32,inf,0.994987,inf
311,0.0813433,0.0816845,0.000341274,0.124464,0.11899,0.299926,1.09458,28.7859
312,0.397777,0.249314,-0.148463,0.00105077,0.959751,0.00221928,1.06051,41.7506
313,2.81323,0.151387,-2.66185,6.81436e-81,1,1.43771e-80,1.03001,74.8052
314,2.81481,0.0784141,-2.7364,1.52333e-132,1,3.21395e-132,1.00947,175.461
315,0.492899,0.0714286,-0.421471,5.90863e-38,1,1.24661e-37,1.12825,22.4947
316,0.616863,0.0714286,-0.545434,4.85323e-33,1,1.02394e-32,1.10244,26.9636
317,1.21262,0.0715924,-1.14102,5.55594e-66,1,1.1722e-65,1.03749,62.2986
318,1.10236,2.81481,1.71246,1,3.08398e-83,inf,0.994987,inf
319,0.132912,0.35716,0.224248,0.998166,0.000156479,1147.97,1.00842,188.875
320,0.34513,0.21437,-0.13076,0.000501097,0.962614,0.00105775,1.01771,113.244
321,0.753401,2.81481,2.06141,1,1.90793e-197,inf,0.994987,inf
322,1.2266,2.81481,1.58821,1,1.05469e-161,inf,0.994987,inf
323,0.841517,0.675307,-0.16621,0.0266595,0.877626,0.0577873,1.00976,172.111
324,0.651518,0.676,0.0244821,0.452086,0.237054,1.74082,0.997265,1095.94
325,0.963839,2.81481,1.85098,1,5.97551e-174,inf,0.994987,inf
326,0.954231,7.125,6.17077,1,1.08811e-125,inf,0.994987,inf
327,1.2268,0.162128,-1.06467,1.95658e-58,1,4.12804e-58,1.05512,45.1556
328,0.819124,0.409115,-0.410009,1.09882e-09,1,2.3183e-09,1.00993,170.271
329,7.125,1.22685,-5.89815,1.34841e-108,1,2.84491e-108,1.01938,105.739
330,2.81481,1.22685,-1.58796,7.87941e-30,1,1.66241e-29,1.00306,311.757
331,2.81481,0.6049,-2.20991,2.36647e-66,1,4.99283e-66,0.998703,673.193
332,0.752824,0.217363,-0.535461,4.35351e-11,1,9.18511e-11,1.03891,60.4085
333,0.777053,0.0714286,-0.705624,2.39738e-53,1,5.05805e-53,1.01096,159.513
334,0.444528,2.81477,2.37025,1,2.61598e-42,inf,0.994987,inf
335,1.2266,0.0714286,-1.15517,1.45273e-73,1,3.065e-73,1.03976,59.3331
336,2.81458,0.211744,-2.60283,2.46776e-50,1,5.20652e-50,1.03529,65.4988
337,0.23898,0.0714286,-0.167551,1.45565e-16,1,3.07116e-16,1.23968,14.0527
338,1.15263,0.0714286,-1.0812,2.10568e-63,1,4.4426e-63,1.00252,333.801
339,0.871329,0.0714286,-0.7999,5.89506e-63,1,1.24375e-62,1.02456,87.8856
340,2.81481,2.81481,0,8.55021e-42,9.79122e-18,1.80394e-41,1.04633,52.2296
341,0.289127,0.0714287,-0.217698,4.31658e-16,1,9.10721e-16,1.14392,20.5389
342,1.22685,0.220065,-1.00679,9.06674e-56,1,1.91292e-55,1.01171,152.539
343,0.399346,2.81481,2.41547,1,4.07059e-74,inf,0.994987,inf
344,1.20948,0.232357,-0.977127,6.83594e-25,1,1.44226e-24,1.01798,111.958
345,0.550496,1.22684,0.676348,1,1.45875e-20,inf,1.00895,181.94